Rikki Poynter,HeyImNatalia,itsamemyleo,Arkas,MisterGameCraft,Bj produces,thekingofhatevlogs,wwestevo07,JordanDoww,kevinbruek,haloqg,usctmb
1004313,1224320,1785866,6398208,7128519,4555319,9880799,12313253,1462040,2363252,2713554,2601152
1405417,1292284,1806178,6507537,7145726,4734588,10040810,12327458,1605284,2439509,2739122,2638126
1907752,926423,1839570,6591385,7162585,4954692,10206230,12342933,1731316,2499558,2777291,2677369
1156082,1063058,1893870,6667702,7180646,5131259,10371079,12358190,1462040,2363252,2713554,2712100
1209212,1151606,1929296,6701920,7196901,5303315,10579864,12373471,1605284,2439509,2739122,2748513
1261116,1236372,1948617,6744445,7211798,5406714,10779844,12387873,1731316,2499558,2777291,2778833
0,1331813,0,6821814,7223641,5532248,10930330,12399848,1825193,2543712,2806237,2808210
1306802,1412477,1993318,6854665,7235457,5662892,11066830,12413934,1974105,2591683,2839053,2842256
1304329,1541820,2010810,6907849,7245973,5819737,11252495,12423013,2129978,2648403,2877685,2869051
1357329,1650719,2024973,6981941,7253964,6012688,11465226,12434079,2262614,2717439,2909736,2893781
1453075,1750948,2037490,7041277,7261497,6133568,11586744,12445044,2440090,2803983,2950958,2926801
1547403,1834035,2048680,7071074,7267399,6266321,11752079,12454754,2564599,2865618,2989742,2968761
1618157,1577919,2058236,7099680,7273590,6387151,11882232,12463038,2670385,2939139,3015660,3002300
1698204,1911441,2066060,7170549,7278172,6594336,12037040,12469922,2780510,3014177,3038405,3042949
1906011,1987714,2073704,7241985,7283036,6772728,12132443,12477405,2898702,3087351,3077633,3079442
2122708,2056821,2081328,7262262,7288470,6999878,12252254,12485729,2978880,3158433,3096555,3117961
